,A,D,E,F,G,H,I,K,L,M,P,Q,R,S,T,V,C,N,W,Y
331,0.0108734653846154,0.00980942307692308,0.0101852115384615,0.0113246153846154,0.0107823076923077,0.0107527692307692,0.0104811,0.00983127307692308,0.0105968,0.0105749615384615,0.0111706538461538,0.0104530346153846,0.0106668846153846,0.0105712692307692,0.0107112230769231,0.0106330538461538,NA,NA,NA,NA
332,0.0110878076923077,0.0112327076923077,0.0104566615384615,0.0115069115384615,0.0116472538461538,0.0110626346153846,NA,0.0117339961538462,0.0115300346153846,0.0108561923076923,0.0101343,0.0107541923076923,0.0111549769230769,0.0118144846153846,0.0109523961538462,0.0110729884615385,0.0117084076923077,0.0117473038461538,0.0104162692307692,0.0123813115384615
333,0.0105726038461538,0.0106593076923077,0.0102871615384615,0.0105082076923077,0.0102987423076923,0.0114871923076923,NA,0.0104141692307692,0.0103554730769231,0.0100027038461538,0.0104611538461538,0.0109604192307692,0.0104458307692308,0.0106758461538462,NA,0.00987997692307692,0.0119845423076923,0.0104147576923077,0.0100573461538462,0.010496
334,0.0107913730769231,0.0117854153846154,0.0110812730769231,0.0122499769230769,0.0115502,0.0112162884615385,0.0120071038461538,0.0122861615384615,0.0114350769230769,0.0109206153846154,0.0104841,0.0104156153846154,0.0109358846153846,0.0115186538461538,0.0111911,0.0116345153846154,0.0119903461538462,NA,NA,0.0109539038461538
335,0.0107369807692308,0.0111258846153846,0.0107741846153846,0.0110684615384615,0.0146002115384615,0.0112018576923077,0.0107049307692308,0.0112358653846154,NA,0.0109040615384615,0.0111434269230769,0.01102015,0.0107427423076923,0.0112790846153846,0.0115781269230769,0.0113484615384615,0.0120763384615385,0.0110907307692308,0.0109821576923077,0.0110789807692308
336,NA,NA,NA,NA,0.0716011153846154,NA,NA,NA,NA,NA,NA,NA,NA,NA,NA,NA,NA,NA,NA,NA
337,0.0362976884615385,0.0475538769230769,0.0486280730769231,NA,0.0521094307692308,0.0500787153846154,NA,0.0477926153846154,0.0486804615384615,0.0468579153846154,NA,0.0489918923076923,0.0500870692307692,0.0475538115384615,0.0495204692307692,NA,0.0487903692307692,0.0478142653846154,NA,NA
338,NA,NA,NA,NA,NA,NA,0.0127529615384615,NA,0.0116694346153846,0.0112996923076923,NA,NA,NA,NA,NA,NA,NA,NA,0.0109902038461538,0.011337
339,0.0107731269230769,0.0111941769230769,0.0117731230769231,0.0110272807692308,NA,0.0116545269230769,0.0112463230769231,0.0121765384615385,0.0114942692307692,0.0112830769230769,0.0109398884615385,0.0113007653846154,0.0123873807692308,0.0113905923076923,0.0123640769230769,0.0115112923076923,NA,0.0112080961538462,0.0115042576923077,0.0112390461538462
340,0.0480682307692308,0.0473255846153846,NA,NA,0.0495403846153846,NA,NA,0.0478871153846154,0.0470594884615385,0.0483368846153846,0.0481580384615385,0.0479983461538462,NA,0.0488683846153846,0.0486322692307692,NA,NA,0.0481558846153846,NA,NA
341,NA,NA,NA,NA,NA,NA,0.0115010653846154,NA,0.0116419615384615,NA,NA,NA,NA,NA,NA,NA,NA,NA,NA,NA
342,NA,NA,NA,NA,NA,NA,0.0122993461538462,NA,0.0127654230769231,0.0111362884615385,NA,NA,NA,NA,NA,NA,NA,NA,NA,NA
343,NA,NA,NA,NA,NA,NA,NA,NA,NA,NA,NA,NA,NA,NA,NA,NA,NA,NA,NA,NA
344,NA,NA,0.0246397307692308,NA,NA,NA,NA,0.0124272692307692,NA,NA,NA,0.0115811384615385,0.0115099615384615,0.0117093461538462,NA,NA,NA,0.0145091153846154,NA,NA
345,0.0107575,0.0116343846153846,0.0121266923076923,NA,NA,NA,NA,0.0269296730769231,NA,NA,0.0484122692307692,NA,0.0271752692307692,0.0105609730769231,NA,NA,NA,NA,NA,NA
346,0.0690266153846154,0.149826923076923,0.147740653846154,0.0730283076923077,0.0610808846153846,0.0406024615384615,0.0717026384615385,0.0436715769230769,0.100038769230769,0.0760479076923077,NA,0.0768621153846154,NA,0.0747955230769231,0.0772581807692308,0.0773757692307692,0.0911077307692308,0.0795243230769231,0.078091,0.0767107692307692
347,NA,NA,NA,NA,NA,NA,NA,NA,NA,NA,NA,NA,NA,NA,NA,NA,NA,NA,0.0133303923076923,NA
348,NA,0.0426561846153846,0.0435308846153846,NA,0.0118243461538462,0.0112485038461538,NA,0.0381431846153846,NA,NA,0.0115574230769231,0.0386182692307692,NA,0.0109100730769231,NA,NA,NA,0.0113110576923077,NA,0.025507
349,NA,NA,NA,NA,NA,NA,NA,NA,NA,NA,0.0468508461538462,NA,NA,NA,NA,NA,NA,0.0297778346153846,NA,NA
350,NA,NA,NA,NA,NA,NA,NA,NA,NA,NA,NA,NA,NA,NA,NA,NA,NA,NA,NA,NA
351,NA,NA,NA,0.0116983692307692,NA,0.0429708076923077,NA,NA,NA,NA,NA,NA,NA,NA,NA,NA,NA,NA,0.0210771346153846,NA
352,NA,0.0408538692307692,0.0446469230769231,NA,0.020327,0.0112491923076923,NA,0.0114093192307692,NA,0.019052,NA,0.03495555,0.0144962692307692,0.0111993730769231,NA,NA,NA,0.0111427692307692,NA,0.0103433307692308
353,NA,NA,NA,0.0127161538461538,NA,NA,NA,NA,NA,NA,NA,NA,NA,NA,NA,NA,NA,NA,NA,NA
354,0.0120722307692308,NA,NA,NA,0.0117926923076923,0.0110399384615385,NA,0.0120983461538462,NA,NA,NA,NA,0.0116903846153846,0.0109161269230769,0.0107282961538462,0.0106635,NA,NA,NA,NA
355,NA,NA,NA,NA,NA,NA,NA,NA,NA,NA,NA,NA,NA,NA,NA,NA,NA,NA,NA,NA
356,0.0112797692307692,NA,0.0124823846153846,NA,NA,0.0110878615384615,0.0109979,NA,0.0126803846153846,0.0115972269230769,NA,0.0138385807692308,0.0110375615384615,0.0156625115384615,0.0446929615384615,0.01197475,NA,0.0150907307692308,NA,0.0128133884615385
357,0.0115042692307692,0.0140554576923077,0.0135176538461538,NA,NA,0.0117118076923077,0.0116086153846154,0.0107712846153846,0.0120699230769231,0.0105960038461538,0.0135065769230769,0.0127723615384615,NA,0.0124473461538462,0.0108231538461538,0.0112390846153846,0.0143198423076923,0.0120303076923077,0.0116517884615385,0.0115586153846154
358,NA,NA,NA,0.0112830346153846,NA,NA,NA,NA,0.0110273115384615,0.0111967692307692,NA,NA,NA,NA,NA,0.01406695,0.0240305,NA,0.0302282423076923,0.0479333038461538
359,0.0114668192307692,0.0116349576923077,0.0115224615384615,0.0113916923076923,0.0125001538461538,0.0114066115384615,0.0118387461538462,0.0117033846153846,NA,NA,0.0153743346153846,0.0109883153846154,0.0108502307692308,NA,0.0119532423076923,0.0136763846153846,0.0109114923076923,0.0120386923076923,0.0144055153846154,0.0101256923076923
360,NA,0.00952499615384615,0.0117462615384615,NA,NA,NA,NA,0.0112401538461538,NA,NA,NA,0.0115211923076923,0.0122705384615385,0.0112007115384615,NA,NA,NA,NA,NA,NA
361,NA,NA,NA,NA,NA,NA,NA,NA,NA,NA,0.0557935769230769,NA,NA,NA,NA,NA,NA,0.0936954846153846,NA,NA
362,0.0126092923076923,0.0117936307692308,0.0117668615384615,0.0109131923076923,0.0121754615384615,0.0117561923076923,0.0127502115384615,0.0114111384615385,0.0111537038461538,0.0112360384615385,NA,0.0112004076923077,0.0117745923076923,0.0153172692307692,0.0132520769230769,NA,0.0106509807692308,0.0109236961538462,0.0111000384615385,0.0126995153846154
363,NA,NA,NA,0.0146761615384615,0.0121968615384615,0.0199989038461538,0.0113996961538462,NA,0.0135584576923077,0.0111338961538462,0.0114767615384615,0.0130813076923077,NA,0.01159,0.0115004615384615,0.0122774115384615,0.0118140384615385,NA,0.0136734692307692,0.0400865730769231
364,NA,NA,NA,NA,NA,NA,NA,NA,NA,NA,NA,NA,NA,NA,NA,NA,NA,NA,NA,NA
365,0.0184924923076923,NA,NA,0.0117828884615385,0.0238709230769231,NA,0.0130211153846154,NA,0.0122521115384615,0.0123055538461538,0.0208496923076923,NA,NA,NA,0.0125943846153846,0.0126049615384615,0.0286717307692308,NA,0.0113671461538462,NA
366,0.0109685,0.0119586269230769,0.0115287153846154,0.0122904615384615,0.0117731153846154,0.00956873076923077,0.0119680384615385,0.0107943692307692,0.0131498653846154,0.0118583461538462,0.0153434230769231,0.00999596153846154,0.0109161923076923,NA,0.0112916384615385,0.0124089230769231,NA,0.0116443961538462,0.0124025769230769,NA
367,0.0108723461538462,0.0121275115384615,0.0121309615384615,0.0108473461538462,0.0112124653846154,0.0116019576923077,0.0113405153846154,0.0123733038461538,0.0110645153846154,0.010509,0.0112104,0.0109062,0.0118327692307692,0.0113031961538462,0.0120547346153846,NA,0.0117301538461538,0.0123872115384615,0.0108409807692308,0.0112584
368,NA,NA,NA,0.0124173384615385,NA,NA,0.0114098846153846,NA,NA,0.0113075615384615,NA,NA,NA,NA,NA,0.0139226038461538,NA,NA,NA,NA
369,0.0115716538461538,0.0192700115384615,0.0146842692307692,0.0115727692307692,0.0151075,0.0113316961538462,0.0122078076923077,0.0121315769230769,0.0120230230769231,0.0118845576923077,0.0168973961538462,0.0114901269230769,0.0122570769230769,0.0154309615384615,0.0117251538461538,0.0112251076923077,0.0126670384615385,0.0454446,0.0119458461538462,NA
370,0.0108633230769231,0.0121826961538462,0.0109336923076923,NA,0.0117565461538462,0.0115024307692308,NA,0.0107667615384615,0.0110057692307692,0.0109241807692308,0.0124356461538462,0.0127831538461538,0.0108236423076923,0.0114158076923077,0.0110699615384615,NA,NA,NA,NA,0.0116024
371,0.0107027692307692,0.0111388461538462,0.0107923846153846,0.0121516153846154,0.0111284615384615,0.0109894923076923,0.0117191923076923,0.0113192807692308,0.0119518653846154,0.0109402692307692,0.0118701538461538,0.0107810846153846,0.0116199615384615,NA,0.0111695846153846,0.0112996153846154,0.0113213846153846,0.0360065192307692,0.0109349846153846,0.0111126153846154
372,NA,0.0117658423076923,0.0109634,0.0109246153846154,0.0115136807692308,0.0120321538461538,0.0111141538461538,0.0107736230769231,0.0106841807692308,0.0109466884615385,0.0113219230769231,0.0113188076923077,0.0116141538461538,0.0140358730769231,0.0119881923076923,0.0109564192307692,NA,0.0112493230769231,0.0115197076923077,0.0111712730769231
373,0.0120597384615385,0.0111747730769231,0.0110352923076923,0.0111386153846154,0.0113624423076923,0.0117941923076923,0.011226,0.0116416538461538,0.0116131076923077,0.0109879153846154,0.0118325384615385,0.0113568115384615,0.0111829461538462,NA,0.0113347307692308,0.0114656115384615,0.01124965,0.0128429230769231,0.0110761576923077,0.0108376538461538
374,0.0120226615384615,0.0598561153846154,NA,NA,NA,0.0139482346153846,0.0117475384615385,NA,0.0122822038461538,0.0127973461538462,NA,0.0129699038461538,NA,NA,0.0129815,0.0109840461538462,NA,0.0843190461538462,0.0114448076923077,0.0110781576923077
375,0.0118984230769231,0.0108750192307692,0.0115840769230769,NA,0.0118221153846154,0.0119166269230769,NA,0.0127391923076923,NA,NA,NA,0.0100882153846154,NA,NA,0.0107026730769231,NA,NA,0.0109891,NA,NA
376,NA,0.0482281807692308,NA,0.0468999730769231,NA,0.0470326538461538,0.0113674615384615,0.0423424807692308,0.0168477692307692,0.0131595769230769,NA,NA,NA,0.01138875,NA,0.0105060769230769,0.0114703076923077,0.0154684076923077,NA,0.0464256923076923
377,NA,NA,NA,NA,NA,NA,0.0198120384615385,NA,0.01185445,0.0119504076923077,NA,NA,NA,NA,NA,0.0122962269230769,NA,NA,0.0119732307692308,NA
378,0.0123246807692308,0.0685961269230769,0.0810459230769231,NA,NA,0.0119799615384615,0.0159413846153846,NA,0.0165314230769231,0.0121619230769231,NA,0.0130781538461538,0.01093645,0.0117399192307692,0.0134338692307692,0.0118919115384615,NA,0.0172628615384615,NA,NA
379,NA,NA,NA,NA,NA,NA,NA,NA,NA,NA,NA,NA,NA,NA,NA,NA,NA,NA,NA,NA
380,NA,NA,NA,0.010902,NA,NA,NA,NA,NA,NA,NA,NA,NA,NA,NA,NA,NA,NA,0.0117483307692308,NA
381,NA,NA,NA,NA,NA,0.0403014230769231,NA,0.0466783884615385,NA,NA,NA,0.0412643846153846,0.0479663461538462,0.0132892692307692,NA,NA,NA,0.0481072884615385,NA,NA
382,NA,NA,NA,0.0117834076923077,NA,NA,0.0113998769230769,NA,0.0108346153846154,NA,NA,NA,NA,NA,0.0114782307692308,NA,0.012313,NA,NA,0.0315604615384615
383,0.0110920923076923,0.0470552692307692,0.0470189346153846,NA,NA,0.0103532961538462,0.0394622,0.0450264961538462,0.0475467653846154,0.0134564923076923,0.0109168769230769,0.0111191230769231,0.0479856923076923,NA,0.0122945384615385,0.0177714076923077,0.0482083730769231,0.012337,NA,0.0117479230769231
384,0.0115094230769231,NA,0.0482335769230769,0.0111123076923077,0.0128187692307692,0.0141192692307692,0.0115688576923077,0.104813446153846,0.0110093192307692,0.0105406038461538,NA,0.0139492038461538,0.0667261346153846,0.0109519615384615,0.0118308846153846,0.0103144461538462,NA,0.0118925,0.0119845769230769,0.0122208307692308
385,0.0488259423076923,0.0475947769230769,0.0487424961538462,0.0483949038461538,0.0466091692307692,0.0487180384615385,0.0489355,0.0467087038461538,0.0485558115384615,0.0465253807692308,0.0474227269230769,0.0466051961538462,0.0463511846153846,0.0126602961538462,NA,0.0476296615384615,0.04595885,0.0484141692307692,0.0478034038461538,0.0117485576923077
386,0.0396209730769231,0.0483146576923077,0.0480479230769231,NA,0.0477559230769231,0.0133756384615385,0.0129040769230769,NA,0.0130164615384615,0.0119720769230769,NA,0.0147718961538462,0.0113815576923077,0.0398966153846154,0.0188537807692308,0.0141117692307692,0.0453746769230769,0.0421163730769231,NA,0.0477260807692308
387,NA,NA,NA,NA,NA,NA,0.0120754230769231,NA,NA,0.0119772384615385,NA,NA,NA,NA,NA,NA,NA,NA,NA,NA
388,0.0113827,0.0114679269230769,0.0122054153846154,NA,0.0100350769230769,0.0115455115384615,NA,0.0110963461538462,0.0121823461538462,0.0117025,0.0109009615384615,0.0111851153846154,0.0112898076923077,0.011729,0.0121544230769231,0.0115655,NA,NA,NA,NA
389,0.0145230384615385,NA,0.0116372692307692,0.0114537519230769,0.0110016346153846,0.0105543230769231,NA,0.0111043461538462,0.0119668192307692,0.0117023461538462,NA,0.0112757461538462,0.0105569461538462,0.0128109653846154,0.0112241538461538,NA,0.0110891307692308,0.0130502807692308,0.0109486230769231,0.0105839346153846
390,0.0121675769230769,0.0204939615384615,0.0123605,0.0113490384615385,0.0126198846153846,0.0108492230769231,0.0108699538461538,0.0117500230769231,NA,0.0112971153846154,NA,0.0112896153846154,0.0113047615384615,0.0122939615384615,0.0178226230769231,0.0118650307692308,0.0114226,0.0111766807692308,0.0109089961538462,0.0109095384615385
391,0.0112304615384615,0.0116021961538462,0.0112792423076923,0.0122601038461538,0.0118263076923077,0.0126798307692308,0.0112865846153846,0.0112835,0.0112114269230769,0.0125246153846154,0.0120267576923077,0.0112950769230769,0.0115276923076923,0.0114282115384615,0.0114592692307692,0.0118049769230769,NA,0.0115724153846154,0.0122936153846154,0.0113600807692308
392,0.0116993538461538,NA,NA,NA,NA,0.0108333884615385,0.0117398961538462,NA,0.0116947846153846,0.0113658038461538,0.0120060384615385,NA,NA,0.0114951038461538,0.0124245769230769,0.0110980653846154,0.0115093846153846,0.0141421807692308,0.0114520884615385,0.0121955076923077
393,0.0122951461538462,0.0131386653846154,0.0128384307692308,NA,0.0133755,0.0121601576923077,0.0126816153846154,0.01336255,0.0149646538461538,0.0118138076923077,NA,0.0123499615384615,0.0124118230769231,0.0114470730769231,NA,0.0133768384615385,0.0129012461538462,0.0120168076923077,NA,0.0116696230769231
394,0.0112719384615385,0.0113845423076923,0.0104570076923077,0.0111947692307692,0.0127153846153846,0.0118865769230769,0.0118278,0.0126085615384615,0.0120913076923077,0.0112428230769231,0.0322105,0.0126982692307692,0.0120771038461538,0.0106683076923077,0.01112635,0.0115013076923077,0.0125673961538462,NA,0.012076,0.0106604769230769
395,0.0137279269230769,NA,NA,NA,0.0115124615384615,NA,0.0118586384615385,NA,0.0114030153846154,0.0113950653846154,NA,NA,NA,NA,NA,NA,NA,NA,NA,NA
396,NA,NA,NA,0.0106620538461538,NA,0.0108384615384615,0.0114462307692308,NA,0.0113173653846154,0.0140101192307692,NA,NA,NA,0.0360112692307692,0.0332565538461538,0.0114228076923077,0.01656735,0.0114476346153846,0.0106157576923077,NA
397,NA,NA,NA,NA,NA,NA,0.0117516538461538,NA,0.0124679615384615,NA,NA,NA,NA,NA,NA,0.0119616038461538,0.0128566538461538,NA,NA,NA
398,NA,NA,NA,NA,NA,NA,NA,NA,NA,NA,NA,NA,NA,NA,NA,NA,NA,NA,NA,NA
399,NA,NA,NA,NA,NA,NA,NA,NA,NA,NA,NA,NA,NA,NA,0.0147345038461538,NA,NA,NA,NA,NA
400,NA,NA,NA,NA,NA,NA,NA,NA,NA,NA,NA,NA,NA,NA,NA,NA,NA,NA,NA,NA
401,NA,NA,NA,NA,NA,NA,0.0125333346153846,NA,NA,NA,NA,NA,NA,NA,NA,NA,NA,NA,NA,NA
402,NA,NA,NA,NA,NA,NA,NA,NA,0.0108655038461538,NA,NA,NA,NA,NA,NA,0.0110056538461538,0.0132541423076923,NA,NA,NA
403,0.0500137923076923,NA,NA,NA,NA,NA,NA,0.0118173846153846,NA,0.0108937692307692,NA,NA,NA,0.0484742846153846,0.0123391769230769,NA,NA,NA,NA,NA
404,0.0482861884615385,NA,NA,NA,NA,NA,NA,0.0491950769230769,NA,NA,NA,NA,NA,NA,NA,NA,NA,NA,NA,NA
405,0.0116048076923077,NA,0.01875535,NA,NA,NA,NA,0.0713772807692308,NA,NA,NA,NA,0.0469755769230769,0.0353463307692308,NA,NA,NA,0.0517859769230769,NA,NA
406,NA,0.0118039615384615,NA,NA,NA,NA,NA,NA,NA,NA,NA,0.0122337692307692,NA,NA,NA,NA,NA,NA,0.166219538461538,NA
407,NA,NA,NA,NA,NA,NA,0.0127927692307692,NA,0.0110870769230769,NA,NA,NA,NA,NA,NA,NA,NA,NA,NA,NA
408,0.0261951538461538,NA,0.0774985769230769,0.0198442076923077,0.0445795115384615,0.0138439115384615,NA,0.0110655769230769,0.0124440384615385,NA,0.0651648076923077,NA,NA,0.0414126153846154,0.0388733846153846,0.0212464346153846,0.0362428153846154,NA,0.0274491269230769,NA
409,NA,NA,0.0230206346153846,NA,NA,NA,NA,NA,NA,NA,NA,NA,NA,NA,NA,NA,NA,NA,NA,NA
410,NA,NA,NA,NA,NA,NA,NA,NA,NA,NA,NA,NA,NA,NA,NA,0.0104488038461538,NA,NA,NA,NA
411,NA,NA,0.0114537576923077,NA,0.0121007307692308,NA,NA,NA,NA,NA,NA,0.0114917038461538,0.0119242692307692,0.0115837192307692,NA,NA,NA,NA,NA,NA
412,NA,NA,NA,NA,NA,NA,NA,NA,NA,NA,NA,NA,NA,NA,NA,NA,NA,NA,NA,NA
413,0.0119678846153846,NA,NA,0.0111117038461538,NA,0.0111621153846154,NA,0.0117663384615385,0.0127204307692308,0.0122495,NA,0.01088955,0.0116112961538462,0.0108621538461538,NA,NA,0.0113141076923077,0.0124130384615385,NA,0.0113236153846154
414,0.010979,NA,0.0144339961538462,NA,0.0113447115384615,NA,0.0113647307692308,0.01143945,NA,0.0106814923076923,NA,NA,0.0117787038461538,0.0104669269230769,0.0117780730769231,0.0116686884615385,0.01130975,NA,NA,NA
415,0.0114968192307692,0.023731,0.0123199961538462,NA,0.0387265384615385,0.0121018846153846,0.0110503576923077,0.0121395384615385,NA,0.0110503076923077,NA,0.0112236923076923,0.0111972615384615,0.0115715461538462,NA,0.0127442423076923,NA,0.0112506538461538,NA,0.0103718
416,NA,NA,NA,NA,NA,NA,NA,NA,NA,NA,NA,NA,NA,NA,NA,NA,NA,NA,NA,NA
417,0.0898614115384615,0.174035884615385,0.178373380769231,0.123691526923077,0.102282942307692,0.101218896153846,0.0902337615384615,NA,0.0901955807692308,0.0888120423076923,0.0944357576923077,0.0953453076923077,0.0557584269230769,0.0917451307692308,0.0899668307692308,0.0897167307692308,0.0998369961538462,0.0927543153846154,0.151160576923077,0.1143788
418,NA,NA,NA,NA,NA,NA,NA,NA,NA,NA,NA,NA,NA,NA,NA,0.0111494576923077,NA,NA,NA,NA
419,NA,NA,NA,NA,NA,NA,NA,NA,NA,NA,0.0111778846153846,NA,NA,0.0115381153846154,NA,NA,NA,NA,NA,NA
420,0.0871798846153846,NA,0.0870445038461539,NA,NA,NA,NA,0.0875229615384615,NA,0.0878201576923077,NA,0.0880378307692308,0.0877608076923077,0.0466379230769231,NA,NA,NA,0.0875723461538462,NA,NA
421,NA,NA,NA,0.0116533923076923,NA,NA,NA,NA,0.0480315730769231,0.0120996538461538,NA,NA,NA,NA,NA,NA,NA,NA,0.0875446884615385,NA
422,NA,NA,NA,NA,NA,NA,NA,NA,NA,NA,NA,NA,NA,NA,NA,NA,NA,NA,NA,NA
423,NA,NA,NA,NA,NA,NA,NA,NA,NA,NA,NA,NA,NA,NA,NA,NA,NA,NA,NA,NA
424,NA,NA,NA,NA,NA,0.0115058846153846,NA,NA,NA,NA,NA,NA,0.0133429807692308,NA,NA,NA,NA,NA,NA,NA
425,NA,NA,NA,NA,NA,NA,0.0110646153846154,NA,NA,0.0116283076923077,NA,NA,NA,NA,NA,0.011008,NA,NA,NA,NA
426,NA,NA,NA,NA,NA,NA,NA,NA,NA,NA,NA,NA,NA,NA,NA,NA,NA,NA,NA,NA
427,0.0111831346153846,NA,0.0115250807692308,0.0111575769230769,0.0115787115384615,0.0123310269230769,0.0121423192307692,0.0117878538461538,0.0110517692307692,0.0111466423076923,0.0117993884615385,0.0150368076923077,0.0123919884615385,0.0110048346153846,0.0108605846153846,0.0117813961538462,NA,0.0124251384615385,0.0112886,0.0118874230769231
428,0.0146068769230769,NA,0.0120022153846154,NA,0.0130820769230769,0.0112145269230769,NA,0.0193308153846154,NA,NA,0.0182605153846154,0.0115919923076923,0.0153282576923077,0.0116881846153846,0.0127902615384615,NA,NA,0.0306213846153846,NA,NA
429,NA,NA,NA,NA,NA,NA,NA,NA,NA,NA,NA,NA,NA,NA,NA,NA,NA,NA,0.0116424115384615,NA
430,0.0118712769230769,NA,NA,0.0108411153846154,NA,0.0117697192307692,0.0113535307692308,0.0108030384615385,0.0116981423076923,0.0112618846153846,NA,0.0110635461538462,0.0116257423076923,0.0122784615384615,NA,0.0106106192307692,0.0116082884615385,0.0114405384615385,0.0119342692307692,0.0114984538461538
431,NA,NA,NA,NA,NA,NA,NA,NA,NA,NA,NA,NA,NA,NA,NA,NA,NA,NA,NA,NA
432,NA,NA,NA,NA,NA,NA,NA,NA,NA,NA,NA,NA,NA,NA,NA,NA,NA,NA,NA,NA
433,NA,NA,NA,NA,NA,NA,0.0111791538461538,NA,NA,NA,NA,NA,NA,NA,NA,NA,NA,NA,NA,NA
434,NA,NA,NA,0.0115521923076923,NA,NA,NA,NA,0.0111008076923077,0.0113774384615385,NA,NA,NA,NA,NA,0.0106055384615385,NA,NA,0.0149111538461538,0.0313582923076923
435,NA,NA,NA,NA,NA,NA,NA,NA,NA,NA,NA,NA,NA,0.0116086653846154,0.0117398076923077,NA,NA,NA,NA,NA
436,NA,NA,NA,NA,NA,NA,NA,NA,NA,NA,NA,NA,NA,NA,NA,NA,NA,NA,NA,NA
437,NA,NA,NA,NA,NA,NA,NA,NA,NA,NA,0.0150617423076923,NA,NA,NA,NA,NA,NA,NA,NA,NA
438,0.0120568846153846,NA,NA,NA,NA,NA,NA,NA,NA,NA,NA,NA,NA,NA,0.0128094423076923,NA,NA,NA,NA,NA
439,NA,0.0110543923076923,NA,NA,NA,0.0133881538461538,NA,0.0150745961538462,0.0133573461538462,0.0117988461538462,NA,0.0106902692307692,NA,0.0347888692307692,0.0460026923076923,0.0109639423076923,NA,NA,NA,0.0363983192307692
440,0.0111552192307692,0.0552220384615385,0.0360902653846154,0.0582928961538462,0.0114811230769231,0.0121186346153846,0.0643119923076923,0.0641503076923077,0.0762565769230769,0.0329420961538462,0.0124750923076923,0.0191677692307692,0.0212406538461538,0.0110784307692308,0.0310684230769231,0.0387678461538462,0.0147340384615385,NA,NA,0.0340880461538462
441,0.0162040115384615,NA,NA,0.010952,NA,0.0156540769230769,0.0109535,NA,NA,NA,NA,0.0105177269230769,0.00927034230769231,0.06410035,NA,0.0112927769230769,NA,NA,0.0128044692307692,NA
442,NA,NA,NA,NA,NA,NA,NA,NA,NA,NA,NA,NA,NA,NA,NA,NA,NA,NA,NA,NA
443,0.0124284461538462,NA,NA,NA,0.0116021538461538,NA,NA,NA,NA,NA,NA,0.0668886538461538,NA,NA,0.0113908846153846,0.0453102692307692,0.0112006153846154,0.0702260769230769,NA,0.109639873076923
444,0.124001384615385,0.129160769230769,0.144752346153846,0.139980115384615,0.131420076923077,0.0868726038461538,0.144317634615385,NA,0.1468165,0.127522423076923,0.152455576923077,0.12417,0.0483355384615385,0.0891776923076923,0.0918698423076923,0.133162719230769,0.0944201692307692,0.0828633461538461,0.152443192307692,0.143330615384615
445,0.0849608846153846,0.108833230769231,0.0860719076923077,0.0456016230769231,0.133008638461538,0.0459052846153846,0.0112628846153846,0.0849761538461538,0.0422458884615385,0.0303707730769231,0.141746423076923,0.08300585,0.0847726115384615,0.0893718461538461,0.0694821923076923,NA,0.0508450384615385,0.0830942692307692,0.0446246961538461,0.0774926538461538
446,0.0404259076923077,0.0493147307692308,0.0919371615384615,0.0821783961538462,NA,0.0866008461538462,0.107693884615385,0.138800461538462,0.108865307692308,0.0812857269230769,0.124893230769231,0.0886243076923077,0.128702461538462,0.0427118461538462,0.0840048461538462,0.106859492307692,0.0830835961538462,0.0817813461538461,0.0813966192307692,0.0873683461538462
447,0.0221188461538462,0.179897730769231,0.166045461538462,0.0839011923076923,NA,0.0876510769230769,0.0709547692307692,0.0604872,0.122265115384615,0.0641087307692308,0.142679692307692,0.0964293576923077,0.0284345769230769,0.0470271538461538,0.0702678961538462,0.0790186576923077,0.0345616076923077,0.0993756923076923,NA,0.0798373846153846
448,0.0299941538461538,0.103229384615385,0.0573714346153846,NA,0.0975936923076923,0.0343970307692308,NA,0.138978769230769,NA,NA,0.186397230769231,0.0729190615384615,0.140417153846154,0.0152914269230769,0.0493321538461538,0.101766692307692,0.0337440769230769,NA,NA,0.0840792538461538
449,0.0887220769230769,0.152027280769231,0.125045538461538,0.0393655153846154,0.0369186230769231,0.0616417307692308,0.125198307692308,0.227846038461538,0.141080196153846,0.0896692423076923,0.149743307692308,0.122897365384615,0.171427646153846,0.0874764615384615,0.129030492307692,0.0887871692307692,0.0549745692307692,0.102836576923077,0.0497560576923077,NA
450,0.0465373576923077,0.123769023076923,0.0540170423076923,0.0482109346153846,0.0473504461538462,0.0148549346153846,0.0503583846153846,0.0142097269230769,0.0477517692307692,0.0474166,0.208721923076923,0.0463000846153846,0.0118052692307692,0.0399643461538462,0.213116115384615,0.0458803461538462,0.0174098038461538,NA,0.0484967076923077,0.0477859692307692
451,NA,NA,NA,0.0111819,NA,0.0106473923076923,0.0125874230769231,NA,0.0113104423076923,0.0114778038461538,NA,0.0126141153846154,NA,NA,NA,NA,NA,NA,NA,NA
452,0.0524995807692308,0.123104234615385,0.1579816,0.113171807692308,0.0587303769230769,0.0796083192307692,0.0132118730769231,0.154435923076923,NA,0.0147193884615385,NA,0.0577845769230769,0.193473161538462,0.0880825615384615,0.121969961538462,0.0322585807692308,0.0362001076923077,0.0591097307692308,0.168638603846154,0.101489069230769
453,0.0428881923076923,NA,NA,0.0353370461538462,NA,0.0259900730769231,NA,0.0484892307692308,NA,0.0364641923076923,NA,NA,0.0853007192307692,0.0290878115384615,NA,0.0701135384615385,NA,NA,NA,NA
454,NA,NA,NA,NA,NA,NA,NA,NA,NA,NA,NA,NA,NA,NA,NA,NA,NA,NA,NA,NA
455,0.192561615384615,NA,0.268792615384615,0.0925277692307692,0.250795546153846,0.191176311538462,0.0114368230769231,NA,NA,0.0240242230769231,0.141149030769231,NA,0.281433026923077,0.191727880769231,0.08344085,0.0110476461538462,0.0940992269230769,0.151746053846154,0.157092038461538,0.0725422423076923
456,0.3982941,NA,NA,NA,0.319893623076923,0.137810388461538,0.187969892307692,0.28211695,0.0876299153846154,NA,NA,0.251111461538462,0.224568853846154,NA,0.276286884615385,0.204004230769231,0.208204765384615,NA,0.0230826692307692,0.126324857692308
457,NA,NA,NA,NA,NA,NA,NA,NA,NA,NA,NA,NA,NA,NA,NA,NA,NA,NA,NA,NA
458,0.0112107307692308,0.0113316961538462,0.0118323076923077,0.0115608461538462,0.0115942307692308,0.0118914115384615,0.0133594615384615,NA,0.0117889615384615,0.0112606923076923,0.0143876923076923,0.0121759346153846,0.0110779615384615,0.0113724615384615,0.0114807307692308,0.0119589384615385,NA,0.0122660846153846,0.0110197692307692,0.0118872615384615
459,0.01115155,0.0112359884615385,0.0111130076923077,0.0113906538461538,0.0118087769230769,0.0119481807692308,0.0113319230769231,0.0115166038461538,0.0111305384615385,0.0102572538461538,0.0352365653846154,0.0113633346153846,0.0105890961538462,NA,0.0112159576923077,0.0118654230769231,0.0118568153846154,0.0108260384615385,NA,0.0105502461538462
460,0.0483341153846154,0.0143673730769231,0.0648544461538462,0.0873008307692308,0.0330480884615385,0.0601689923076923,0.0530599384615385,0.0518192,0.0860649230769231,0.0541417307692308,0.0518935,0.0482131884615385,0.0494233153846154,0.049512,0.0493631538461538,0.0507301076923077,0.0430482538461538,NA,NA,0.0805337653846154
461,NA,NA,NA,NA,NA,NA,0.0124044923076923,NA,NA,0.0101830115384615,NA,NA,NA,NA,NA,0.0114137307692308,NA,NA,NA,NA
462,0.0136538076923077,0.0306864230769231,0.0326042923076923,0.0117971538461538,0.0148865384615385,0.0111335769230769,0.0119178461538462,NA,0.0131104615384615,0.0140598846153846,NA,0.0118575692307692,0.0114058423076923,0.0122906538461538,0.0123441538461538,0.0130655384615385,0.0154400076923077,0.0167186192307692,NA,0.0120728461538462
463,0.0125944615384615,NA,NA,NA,NA,NA,NA,NA,NA,NA,NA,NA,NA,NA,NA,NA,NA,NA,NA,NA
464,0.0127702307692308,NA,NA,NA,0.0106688730769231,0.0113288230769231,NA,NA,0.0125847692307692,0.0116722307692308,NA,0.0111445076923077,NA,0.0122166846153846,NA,NA,NA,0.0126959,0.0136747423076923,0.0115802615384615
465,NA,0.0133886692307692,NA,NA,0.0107084653846154,0.0114361846153846,NA,NA,NA,NA,NA,0.0129922192307692,NA,NA,NA,NA,NA,NA,NA,NA
466,NA,NA,NA,NA,NA,0.0117923461538462,NA,0.0116965,NA,NA,NA,0.0122779692307692,NA,NA,NA,NA,NA,NA,NA,NA
467,NA,NA,NA,NA,NA,NA,NA,NA,NA,NA,NA,NA,NA,NA,NA,NA,NA,NA,NA,NA
468,0.0110062923076923,0.0118227884615385,0.0129283884615385,NA,0.0144635384615385,0.0165090576923077,NA,0.0107852307692308,0.0113787615384615,0.0118141884615385,0.0135532384615385,0.0112874192307692,0.0113908961538462,0.0120774423076923,0.0118616076923077,0.0110884230769231,0.0114368384615385,0.0141510730769231,NA,0.0113989615384615
469,0.0110686730769231,0.0112375307692308,0.0108304692307692,NA,0.0109521192307692,NA,NA,0.0108296192307692,NA,NA,NA,0.01284605,0.0112742653846154,NA,0.0109507307692308,NA,0.0118322692307692,0.0118483846153846,NA,NA
470,0.0113858384615385,0.0395476153846154,0.0851568653846154,0.0116176884615385,0.0244424884615385,0.0126751923076923,0.0114054615384615,0.0460309230769231,0.0109826153846154,0.0101274615384615,NA,0.0405872038461538,0.0433112653846154,0.0130275384615385,NA,0.0115979,0.0125869038461538,0.0383231692307692,NA,0.0116013038461538
471,0.0109793269230769,0.0108932461538462,NA,0.0110312192307692,0.0110445307692308,0.0111751615384615,0.0106804269230769,0.0111649,0.0109436923076923,0.0110538461538462,0.0135071,0.0107976923076923,0.0110250461538462,0.0106576346153846,0.0120235346153846,0.0109539115384615,0.0152081115384615,0.0116976769230769,NA,0.0110673461538462
472,0.0713059230769231,0.377018319230769,0.146973015384615,0.0577339615384615,0.331520430769231,0.0692610384615385,NA,0.194025684615385,0.0105284692307692,0.04337815,0.0202586192307692,0.0521753384615385,NA,0.1182015,0.0125592538461538,0.0119278,0.0822832692307692,0.0691346538461538,0.250079396153846,0.0843796961538461
473,0.198835796153846,NA,0.171634153846154,0.0115438807692308,NA,0.0141124115384615,0.158594326923077,NA,0.128153988461538,0.0727622,NA,0.165948938461538,NA,0.188118596153846,0.162336288461538,0.158442,0.211635423076923,0.200119384615385,0.0144154307692308,NA
474,0.0128533076923077,0.0126863461538462,0.0107113384615385,NA,0.0109887307692308,0.0115844653846154,NA,0.0117223576923077,NA,0.0114238538461538,0.0121955230769231,NA,0.0112061230769231,0.0113288846153846,0.0127098192307692,0.0128344961538462,NA,0.0117358269230769,NA,NA
475,NA,0.218547576923077,0.173577884615385,0.125341042307692,0.0322170038461538,NA,0.0845548653846154,0.178992180769231,0.0502138038461538,0.0819936153846154,NA,0.0518678230769231,0.123457719230769,0.0132225346153846,0.0334227692307692,0.0346063076923077,0.0401228653846154,0.214072461538462,NA,0.0949571576923077
476,0.0126102576923077,0.119910576923077,0.164020246153846,NA,NA,0.0702699269230769,NA,0.14059815,NA,NA,NA,0.0911866923076923,0.146951826923077,0.0142053846153846,0.121554326923077,NA,NA,0.0993265769230769,NA,NA
477,0.0111564615384615,0.0135853884615385,NA,0.0136989615384615,0.0125348461538462,0.0111476538461538,0.0137457192307692,NA,0.0118171230769231,NA,0.0381617153846154,0.0101161115384615,0.0109378923076923,NA,0.0113709576923077,0.0124580769230769,0.0122621538461538,0.0118803076923077,0.00917173076923077,0.0122714615384615
478,0.0120201538461538,0.0441680384615385,0.0137091192307692,0.00997351538461539,0.0117852692307692,0.0107973076923077,0.0110459384615385,0.0108026538461538,0.0108118153846154,0.0106585807692308,0.0114970115384615,0.0110809384615385,0.0113881153846154,0.0111738846153846,NA,0.0113331923076923,0.0117014769230769,0.0116541961538462,0.0117595192307692,0.0113098461538462
479,0.0115447615384615,0.0112760423076923,0.0117432769230769,0.0118136769230769,0.0109358692307692,0.0113124615384615,0.0119645,0.0116656346153846,0.0128344269230769,0.0117622653846154,NA,0.0111869730769231,0.0133394230769231,0.0117102307692308,0.0115386730769231,0.0123088461538462,0.0118253730769231,0.01112765,NA,0.0112842692307692
480,NA,NA,NA,NA,NA,NA,NA,NA,NA,NA,NA,NA,NA,NA,NA,NA,NA,NA,NA,NA
481,0.0111846423076923,0.0106959769230769,0.01123435,0.0336944576923077,0.0126718115384615,0.0131678076923077,0.0431087038461538,0.0425075384615385,0.0296588653846154,0.0129957346153846,0.0476776384615385,0.0119178730769231,0.01559515,0.0114229615384615,0.0126013,0.0347422846153846,0.011644,NA,NA,0.0274926269230769
482,0.0129956923076923,0.0344026923076923,NA,0.0115928076923077,NA,0.0114978153846154,NA,0.0132566538461538,0.0331169615384615,NA,0.0544532076923077,0.0145605192307692,0.0220758230769231,0.0110164692307692,0.0128745538461538,NA,0.0119112692307692,0.0109399346153846,NA,0.0138116538461538
483,0.0582143153846154,0.1018928,0.107578230769231,0.0436031692307692,0.0660880230769231,0.0497966538461538,0.0113780769230769,0.112552961538462,0.0480391730769231,0.0463891923076923,NA,0.0739562615384615,0.113551653846154,0.0936594615384615,0.0519122115384615,NA,0.044319,0.0649864615384615,0.0509126230769231,0.0691291923076923
484,0.342314238461538,0.2355653,NA,0.450461269230769,0.262095011923077,0.399184926923077,0.428181192307692,0.383919423076923,0.406222561538462,0.367990011538462,0.37447235,0.302620769230769,0.374621353846154,0.276893938461538,0.313489011538462,0.430333,0.353197234615385,0.337767169230769,0.390975011538462,0.453326957692308
485,0.0480843076923077,0.1764971,0.0899604307692308,NA,NA,0.0798425115384615,NA,0.0852329615384615,NA,0.0480201961538462,0.512331907692308,0.0443905769230769,0.125509392307692,0.0506715653846154,0.119309269230769,NA,0.0553035769230769,0.0922228846153846,NA,NA
486,0.248655265384615,0.268625184615385,0.265473538461538,NA,0.338749626923077,0.178322292307692,0.251812230769231,0.302310823076923,0.178256257692308,0.0891418,0.353197011538462,0.258827138461538,0.294681369230769,0.266161411538462,0.309157730769231,0.241159384615385,0.253452511538462,0.21269175,0.109167557692308,0.0870332423076923
487,0.146051038461538,0.206943307692308,0.218540461538462,0.228874538461538,0.120052461538462,0.176837538461538,NA,0.258555884615385,0.169567884615385,0.151527769230769,NA,0.186841373076923,0.276769765384615,0.141343192307692,0.24985295,NA,NA,NA,NA,0.231577773076923
488,NA,NA,NA,NA,NA,NA,NA,NA,NA,NA,NA,NA,NA,NA,NA,NA,NA,NA,NA,NA
489,NA,NA,NA,0.0709556038461538,NA,0.202695961538462,0.318822023076923,NA,0.263104638461538,0.264750211538462,NA,0.288975230769231,NA,NA,NA,0.315133653846154,NA,NA,0.184711653846154,NA
490,0.142203188461538,0.344229961538462,0.336647676923077,NA,0.209283653846154,0.0402391192307692,0.202822376923077,0.383099230769231,0.222059461538462,0.0795086615384615,0.282772,0.287742403846154,0.376914930769231,0.131059315384615,0.217490438461538,0.193770653846154,0.0989686153846154,0.327394003846154,0.104621669230769,0.0629169230769231
491,NA,NA,NA,NA,NA,NA,NA,NA,NA,NA,NA,NA,NA,NA,NA,NA,NA,NA,NA,NA
492,NA,NA,NA,0.0341578846153846,NA,NA,0.0114066692307692,NA,NA,NA,NA,NA,NA,NA,NA,0.0471201923076923,NA,NA,NA,NA
493,0.0753120530769231,0.125418034615385,0.0517756807692308,NA,0.0637808846153846,0.0215164230769231,0.0896201384615385,0.257038461538462,0.0840846307692308,NA,NA,NA,0.214705176923077,0.0518673923076923,0.0801932653846154,0.0916693846153846,NA,0.01558485,0.112143734615385,0.139473488461538
494,0.0119165961538462,0.149125396153846,NA,0.106806361538462,0.0111234615384615,0.122108557692308,0.0965786923076923,0.201174384615385,NA,0.116462530769231,0.0935180269230769,NA,0.220287884615385,NA,0.0472855423076923,0.0798784576923077,NA,0.0525445153846154,0.143739423076923,0.143525988461538
495,NA,NA,NA,NA,NA,NA,NA,NA,NA,NA,NA,NA,NA,NA,NA,NA,NA,NA,NA,NA
496,0.0112815884615385,0.0508065,0.0533168230769231,0.0139878846153846,NA,0.0442735769230769,0.0464297115384615,0.0121393461538462,0.0482672692307692,0.0478459653846154,NA,0.0490674346153846,0.0434881538461538,0.0113726923076923,0.0118556923076923,0.0499938846153846,0.0310247692307692,0.0500588846153846,0.0482853846153846,0.0126656153846154
497,NA,NA,NA,NA,NA,NA,NA,NA,NA,NA,NA,NA,NA,NA,NA,NA,NA,NA,NA,NA
498,0.0107987538461538,NA,0.0483626115384615,0.0473904615384615,0.0489239730769231,0.0464159961538462,0.0489347307692308,0.0503960846153846,0.0115033461538462,0.01190385,NA,NA,0.0524068076923077,0.0121382038461538,0.0174805153846154,0.0125184230769231,0.0277638615384615,0.0466206615384615,0.0551113076923077,0.0479029269230769
499,0.0108701730769231,0.118242846153846,0.0871465730769231,NA,0.0799179653846154,0.0551556576923077,NA,NA,0.0140324615384615,0.0206677307692308,NA,0.0451043269230769,0.0826086730769231,0.043529,0.0345146269230769,0.0127973461538462,0.0458852692307692,0.040825,NA,0.0615081923076923
500,0.0498195,0.0651223846153846,0.0484584730769231,0.0495772115384615,0.0221196038461538,0.0369758230769231,0.0480855769230769,0.0441907269230769,0.0472419230769231,0.0479096384615385,0.0449861538461538,0.0485543192307692,0.0474988769230769,0.0112404730769231,NA,0.0481788846153846,0.0513631,0.04880185,0.0505599115384615,0.0495438076923077
501,0.0480416153846154,NA,NA,0.0411600038461538,0.0496204884615385,0.0495671538461538,0.0453533076923077,NA,0.0527044153846154,0.0589288884615385,0.04352395,0.0503461923076923,0.069126,0.0497587846153846,0.0484134384615385,0.054734,0.0488832692307692,NA,0.0530149807692308,0.0467609615384615
502,NA,NA,NA,NA,NA,NA,NA,NA,NA,NA,NA,NA,NA,NA,NA,NA,NA,NA,NA,NA
503,0.0125274615384615,0.0192435923076923,0.0120017807692308,0.0115527307692308,0.0122060769230769,0.0117000769230769,0.0117979346153846,0.0118803076923077,0.0112363461538462,0.0111555423076923,NA,0.0116856615384615,0.0111737307692308,0.0228473807692308,0.0688305384615385,NA,0.0117489692307692,0.0123857038461538,0.0107836615384615,0.0109909230769231
504,0.0454722692307692,0.0895799230769231,0.0851091807692308,0.0953197384615385,NA,0.0836301153846154,0.119577692307692,0.100804307692308,0.110850276923077,0.103042,0.0907387692307692,0.0605284423076923,0.0616630769230769,0.0444588461538462,0.0820018076923077,0.107966,0.107037757692308,0.0636114423076923,0.0745670384615385,0.0772272346153846
505,NA,NA,NA,0.0123462692307692,NA,0.0152225384615385,NA,NA,NA,0.0205677653846154,NA,0.0254464538461538,NA,NA,NA,NA,NA,0.0170585538461538,0.0477539884615385,NA
506,0.0181548076923077,NA,0.0345227692307692,NA,NA,0.0160445307692308,NA,NA,NA,NA,NA,NA,NA,NA,NA,NA,NA,0.0159753961538462,NA,NA
507,0.0259356923076923,NA,NA,NA,NA,NA,NA,NA,NA,NA,NA,NA,NA,NA,NA,NA,NA,NA,NA,NA
508,0.017041,NA,NA,0.0110859115384615,NA,0.0115863346153846,NA,NA,NA,0.0125480653846154,NA,NA,NA,NA,0.0132109884615385,0.0111750692307692,NA,0.0124386230769231,0.011936,NA
509,NA,NA,NA,NA,NA,NA,NA,NA,NA,NA,NA,NA,NA,NA,NA,NA,NA,NA,NA,NA
510,NA,NA,NA,NA,NA,NA,0.0118978076923077,NA,NA,NA,NA,NA,NA,NA,NA,NA,NA,NA,NA,NA
511,NA,NA,NA,NA,NA,NA,NA,NA,NA,NA,NA,NA,NA,NA,NA,NA,NA,NA,NA,NA
512,NA,NA,NA,NA,NA,NA,0.0111364269230769,NA,NA,NA,NA,NA,NA,NA,NA,NA,NA,NA,NA,NA
513,NA,NA,NA,NA,NA,NA,0.0107859230115385,NA,NA,0.0117248923076923,NA,NA,NA,NA,NA,NA,NA,NA,NA,NA
514,0.0117544923076923,NA,NA,0.0295209307692308,0.0118208269230769,0.0124157615384615,0.0111791538461538,0.0131660615384615,0.0133091846153846,0.0118354961538462,NA,0.0112141538461538,0.0307717307692308,NA,0.0136355038461538,0.01457045,0.0122679192307692,0.0110071153846154,0.0294350461538462,0.0322410384615385
515,NA,NA,NA,NA,NA,NA,NA,NA,0.0111267538461538,NA,NA,NA,NA,NA,NA,NA,NA,NA,NA,NA
516,NA,0.0144098076923077,NA,NA,NA,0.0261114307692308,NA,0.0288901923076923,NA,NA,0.0273390384615385,NA,0.0326887,0.0262503653846154,0.0308935469230769,NA,NA,0.0131446769230769,NA,NA
517,NA,NA,0.0127713923076923,NA,NA,0.0114310384615385,0.0106222269230769,0.01156665,NA,0.0113092307692308,NA,0.0108487269230769,0.0110223076923077,0.0114369230769231,0.0114390230769231,0.0128778,NA,0.0142027038461538,NA,0.0131866038461538
518,NA,NA,NA,0.0141218923076923,NA,0.0285136115384615,0.0115435769230769,0.0206207923076923,NA,0.0116166576923077,0.0348413846153846,0.0292560461538462,0.0135077884615385,0.0348844576923077,0.0145088846153846,0.0117264346153846,NA,0.0141696538461538,0.0317059615384615,0.0133177538461538
519,NA,0.0182362884615385,NA,0.0110181769230769,NA,NA,0.0116190769230769,NA,0.0108093846153846,NA,0.0141604384615385,0.0132632153846154,0.0120488961538462,0.0111619807692308,0.0119304076923077,0.0111307346153846,0.0110208846153846,0.0111917576923077,NA,0.0110528961538462
520,NA,0.0143669115384615,0.0110733076923077,0.0129904615384615,0.0129755384615385,0.0127998692307692,0.01303275,0.0117677307692308,0.0109515076923077,0.0133676846153846,0.0192340076923077,NA,0.01256565,0.0117575192307692,0.0111365230769231,0.0113708615384615,0.0126137153846154,0.0121208230769231,NA,0.0115969576923077
521,NA,NA,NA,0.0119607038461538,0.0113666076923077,0.0112145192307692,NA,NA,NA,NA,NA,NA,0.0126629653846154,0.0113366538461538,0.0119315,NA,0.00903052269230769,0.0128496461538462,NA,NA
522,NA,0.0123086807692308,0.0117266807692308,NA,0.0108302576923077,0.0123591538461538,0.0120363923076923,0.0128443653846154,0.0105463461538462,0.0109724,0.0118410884615385,NA,0.0115201538461538,0.0117520653846154,0.0116247807692308,0.0105267307692308,0.00960504615384615,NA,NA,0.0129134423076923
523,NA,NA,NA,NA,NA,NA,NA,NA,NA,NA,NA,NA,NA,NA,NA,NA,NA,NA,NA,NA
524,0.0128141153846154,NA,NA,NA,NA,NA,0.0123060269230769,NA,NA,NA,NA,NA,NA,NA,NA,NA,NA,NA,NA,NA
525,NA,NA,NA,0.0111113884615385,NA,NA,0.0113980846153846,NA,0.0110187346153846,NA,NA,NA,0.0109152192307692,0.0119731615384615,NA,NA,NA,0.0124786115384615,NA,NA
526,0.0107612692307692,0.0115848923076923,0.0141496192307692,NA,NA,NA,NA,NA,0.0112638461538462,NA,0.0110140692307692,NA,0.0117423538461538,0.012982,NA,0.0121890730769231,NA,0.0110366538461538,0.0123734346153846,NA
527,0.0109149307692308,NA,0.0119771961538462,0.0111341269230769,0.0110981384615385,0.0124939615384615,0.0124771153846154,0.0116375384615385,0.0105642346153846,0.0110951692307692,NA,0.0103722115384615,0.0107927307692308,0.0114250307692308,0.0109023769230769,0.0104548346153846,0.0117206,0.0105083153846154,NA,0.01123755
528,0.011492,0.0127066923076923,0.0112763807692308,NA,0.0114641423076923,0.0123716923076923,0.0118484230769231,NA,0.0117292076923077,0.0109775307692308,0.0119290153846154,0.0108645346153846,0.0111217692307692,0.0116252615384615,0.0128560692307692,0.0116960615384615,0.0118857307692308,0.0121557730769231,0.0111471423076923,0.0127338730769231
529,NA,0.0152311923076923,0.0117289346153846,0.0117426923076923,0.0115838384615385,0.0107421576923077,0.0114712307692308,NA,0.0120685384615385,0.0139179192307692,0.0115891923076923,0.0104360461538462,0.0125999230769231,0.0117789230769231,0.0120659461538462,0.0115702115384615,0.0110479384615385,0.0142626538461538,0.0117849230769231,0.0112069923076923
530,0.0110164230769231,0.0104146038461538,0.0170657307692308,0.0108848461538462,0.0111636923076923,0.0151920538461538,0.01140285,0.0105204307692308,0.0111067,0.0108979384615385,0.0114276423076923,0.0102625115384615,0.0109399115384615,NA,0.0118854076923077,0.0111101192307692,0.0110444846153846,0.0113361,0.0107213423076923,0.0108527653846154
531,0.0112811115384615,0.0116132730769231,0.0105494115384615,0.0111185538461538,0.0114446923076923,0.0112534384615385,0.0113087346153846,0.0120420807692308,0.0112281692307692,0.0110705846153846,0.0108466384615385,0.011235,0.0111520961538462,0.0118498884615385,NA,0.0109468538461538,0.010882,0.0111650615384615,0.0112580038461538,0.0110539923076923
